[{"model": "admin.logentry", "pk": 1, "fields": {"action_time": "2025-05-21T20:24:36.794Z", "user": 1, "content_type": 7, "object_id": "1", "object_repr": "poll object (1)", "action_flag": 1, "change_message": "[{\"added\": {}}]"}}, {"model": "admin.logentry", "pk": 2, "fields": {"action_time": "2025-05-21T20:25:26.142Z", "user": 1, "content_type": 7, "object_id": "2", "object_repr": "poll object (2)", "action_flag": 1, "change_message": "[{\"added\": {}}]"}}, {"model": "admin.logentry", "pk": 3, "fields": {"action_time": "2025-05-22T16:52:22.295Z", "user": 1, "content_type": 8, "object_id": "1", "object_repr": "Tic Tac Toe", "action_flag": 1, "change_message": "[{\"added\": {}}]"}}, {"model": "admin.logentry", "pk": 4, "fields": {"action_time": "2025-05-22T21:05:23.830Z", "user": 1, "content_type": 8, "object_id": "1", "object_repr": "Tic Tac Toe", "action_flag": 2, "change_message": "[]"}}, {"model": "admin.logentry", "pk": 5, "fields": {"action_time": "2025-05-22T21:09:06.842Z", "user": 1, "content_type": 8, "object_id": "2", "object_repr": "Chidiya Udd", "action_flag": 1, "change_message": "[{\"added\": {}}]"}}, {"model": "admin.logentry", "pk": 6, "fields": {"action_time": "2025-05-27T09:02:26.410Z", "user": 1, "content_type": 9, "object_id": "1", "object_repr": "CodeSubmission object (1)", "action_flag": 2, "change_message": "[{\"changed\": {\"fields\": [\"Output data\"]}}]"}}, {"model": "admin.logentry", "pk": 7, "fields": {"action_time": "2025-05-27T09:02:56.540Z", "user": 1, "content_type": 9, "object_id": "1", "object_repr": "CodeSubmission object (1)", "action_flag": 2, "change_message": "[{\"changed\": {\"fields\": [\"Language\"]}}]"}}, {"model": "admin.logentry", "pk": 8, "fields": {"action_time": "2025-05-27T09:03:15.863Z", "user": 1, "content_type": 9, "object_id": "2", "object_repr": "CodeSubmission object (2)", "action_flag": 3, "change_message": ""}}, {"model": "admin.logentry", "pk": 9, "fields": {"action_time": "2025-05-27T09:03:30.484Z", "user": 1, "content_type": 9, "object_id": "3", "object_repr": "CodeSubmission object (3)", "action_flag": 3, "change_message": ""}}, {"model": "admin.logentry", "pk": 10, "fields": {"action_time": "2025-05-27T09:03:41.045Z", "user": 1, "content_type": 9, "object_id": "1", "object_repr": "CodeSubmission object (1)", "action_flag": 2, "change_message": "[{\"changed\": {\"fields\": [\"Language\"]}}]"}}, {"model": "admin.logentry", "pk": 11, "fields": {"action_time": "2025-05-27T09:03:56.389Z", "user": 1, "content_type": 9, "object_id": "1", "object_repr": "CodeSubmission object (1)", "action_flag": 2, "change_message": "[{\"changed\": {\"fields\": [\"Language\"]}}]"}}, {"model": "admin.logentry", "pk": 12, "fields": {"action_time": "2025-05-27T09:04:06.845Z", "user": 1, "content_type": 9, "object_id": "1", "object_repr": "CodeSubmission object (1)", "action_flag": 2, "change_message": "[{\"changed\": {\"fields\": [\"Language\"]}}]"}}, {"model": "admin.logentry", "pk": 13, "fields": {"action_time": "2025-05-27T09:09:04.186Z", "user": 1, "content_type": 9, "object_id": "11", "object_repr": "CodeSubmission object (11)", "action_flag": 1, "change_message": "[{\"added\": {}}]"}}, {"model": "admin.logentry", "pk": 14, "fields": {"action_time": "2025-05-27T13:21:22.735Z", "user": 1, "content_type": 8, "object_id": "3", "object_repr": "Problem object (3)", "action_flag": 1, "change_message": "[{\"added\": {}}, {\"added\": {\"name\": \"test case\", \"object\": \"TestCase object (1)\"}}, {\"added\": {\"name\": \"test case\", \"object\": \"TestCase object (2)\"}}]"}}, {"model": "admin.logentry", "pk": 15, "fields": {"action_time": "2025-05-27T13:24:53.226Z", "user": 1, "content_type": 8, "object_id": "3", "object_repr": "Problem object (3)", "action_flag": 2, "change_message": "[{\"changed\": {\"name\": \"test case\", \"object\": \"TestCase object (1)\", \"fields\": [\"Input data\"]}}, {\"changed\": {\"name\": \"test case\", \"object\": \"TestCase object (2)\", \"fields\": [\"Input data\"]}}]"}}, {"model": "admin.logentry", "pk": 16, "fields": {"action_time": "2025-05-27T13:24:57.958Z", "user": 1, "content_type": 8, "object_id": "3", "object_repr": "Problem object (3)", "action_flag": 2, "change_message": "[]"}}, {"model": "admin.logentry", "pk": 17, "fields": {"action_time": "2025-05-27T13:41:17.134Z", "user": 1, "content_type": 8, "object_id": "3", "object_repr": "Problem object (3)", "action_flag": 2, "change_message": "[{\"changed\": {\"name\": \"test case\", \"object\": \"TestCase object (1)\", \"fields\": [\"Input data\", \"Expected output\"]}}, {\"changed\": {\"name\": \"test case\", \"object\": \"TestCase object (2)\", \"fields\": [\"Input data\", \"Expected output\"]}}]"}}, {"model": "admin.logentry", "pk": 18, "fields": {"action_time": "2025-05-30T07:01:25.118Z", "user": 1, "content_type": 10, "object_id": "1", "object_repr": "TestCase for Tower of Hanoi", "action_flag": 2, "change_message": "[]"}}, {"model": "admin.logentry", "pk": 19, "fields": {"action_time": "2025-05-30T07:01:40.989Z", "user": 1, "content_type": 10, "object_id": "10", "object_repr": "TestCase for yes sum", "action_flag": 1, "change_message": "[{\"added\": {}}]"}}, {"model": "admin.logentry", "pk": 20, "fields": {"action_time": "2025-05-30T07:06:04.856Z", "user": 1, "content_type": 8, "object_id": "5", "object_repr": "yes sum", "action_flag": 2, "change_message": "[{\"deleted\": {\"name\": \"test case\", \"object\": \"TestCase for yes sum\"}}]"}}, {"model": "admin.logentry", "pk": 21, "fields": {"action_time": "2025-05-30T07:06:44.037Z", "user": 1, "content_type": 8, "object_id": "5", "object_repr": "yes sum", "action_flag": 2, "change_message": "[{\"added\": {\"name\": \"test case\", \"object\": \"TestCase for yes sum\"}}]"}}, {"model": "admin.logentry", "pk": 22, "fields": {"action_time": "2025-05-30T07:06:50.179Z", "user": 1, "content_type": 8, "object_id": "5", "object_repr": "yes sum", "action_flag": 2, "change_message": "[]"}}, {"model": "admin.logentry", "pk": 23, "fields": {"action_time": "2025-05-30T07:06:54.417Z", "user": 1, "content_type": 8, "object_id": "5", "object_repr": "yes sum", "action_flag": 2, "change_message": "[]"}}, {"model": "admin.logentry", "pk": 24, "fields": {"action_time": "2025-05-30T08:03:07.802Z", "user": 1, "content_type": 8, "object_id": "4", "object_repr": "Tower of Hanoi", "action_flag": 2, "change_message": "[]"}}, {"model": "auth.permission", "pk": 1, "fields": {"name": "Can add log entry", "content_type": 1, "codename": "add_logentry"}}, {"model": "auth.permission", "pk": 2, "fields": {"name": "Can change log entry", "content_type": 1, "codename": "change_logentry"}}, {"model": "auth.permission", "pk": 3, "fields": {"name": "Can delete log entry", "content_type": 1, "codename": "delete_logentry"}}, {"model": "auth.permission", "pk": 4, "fields": {"name": "Can view log entry", "content_type": 1, "codename": "view_logentry"}}, {"model": "auth.permission", "pk": 5, "fields": {"name": "Can add permission", "content_type": 2, "codename": "add_permission"}}, {"model": "auth.permission", "pk": 6, "fields": {"name": "Can change permission", "content_type": 2, "codename": "change_permission"}}, {"model": "auth.permission", "pk": 7, "fields": {"name": "Can delete permission", "content_type": 2, "codename": "delete_permission"}}, {"model": "auth.permission", "pk": 8, "fields": {"name": "Can view permission", "content_type": 2, "codename": "view_permission"}}, {"model": "auth.permission", "pk": 9, "fields": {"name": "Can add group", "content_type": 3, "codename": "add_group"}}, {"model": "auth.permission", "pk": 10, "fields": {"name": "Can change group", "content_type": 3, "codename": "change_group"}}, {"model": "auth.permission", "pk": 11, "fields": {"name": "Can delete group", "content_type": 3, "codename": "delete_group"}}, {"model": "auth.permission", "pk": 12, "fields": {"name": "Can view group", "content_type": 3, "codename": "view_group"}}, {"model": "auth.permission", "pk": 13, "fields": {"name": "Can add user", "content_type": 4, "codename": "add_user"}}, {"model": "auth.permission", "pk": 14, "fields": {"name": "Can change user", "content_type": 4, "codename": "change_user"}}, {"model": "auth.permission", "pk": 15, "fields": {"name": "Can delete user", "content_type": 4, "codename": "delete_user"}}, {"model": "auth.permission", "pk": 16, "fields": {"name": "Can view user", "content_type": 4, "codename": "view_user"}}, {"model": "auth.permission", "pk": 17, "fields": {"name": "Can add content type", "content_type": 5, "codename": "add_contenttype"}}, {"model": "auth.permission", "pk": 18, "fields": {"name": "Can change content type", "content_type": 5, "codename": "change_contenttype"}}, {"model": "auth.permission", "pk": 19, "fields": {"name": "Can delete content type", "content_type": 5, "codename": "delete_contenttype"}}, {"model": "auth.permission", "pk": 20, "fields": {"name": "Can view content type", "content_type": 5, "codename": "view_contenttype"}}, {"model": "auth.permission", "pk": 21, "fields": {"name": "Can add session", "content_type": 6, "codename": "add_session"}}, {"model": "auth.permission", "pk": 22, "fields": {"name": "Can change session", "content_type": 6, "codename": "change_session"}}, {"model": "auth.permission", "pk": 23, "fields": {"name": "Can delete session", "content_type": 6, "codename": "delete_session"}}, {"model": "auth.permission", "pk": 24, "fields": {"name": "Can view session", "content_type": 6, "codename": "view_session"}}, {"model": "auth.permission", "pk": 25, "fields": {"name": "Can add poll", "content_type": 7, "codename": "add_poll"}}, {"model": "auth.permission", "pk": 26, "fields": {"name": "Can change poll", "content_type": 7, "codename": "change_poll"}}, {"model": "auth.permission", "pk": 27, "fields": {"name": "Can delete poll", "content_type": 7, "codename": "delete_poll"}}, {"model": "auth.permission", "pk": 28, "fields": {"name": "Can view poll", "content_type": 7, "codename": "view_poll"}}, {"model": "auth.permission", "pk": 29, "fields": {"name": "Can add problem", "content_type": 8, "codename": "add_problem"}}, {"model": "auth.permission", "pk": 30, "fields": {"name": "Can change problem", "content_type": 8, "codename": "change_problem"}}, {"model": "auth.permission", "pk": 31, "fields": {"name": "Can delete problem", "content_type": 8, "codename": "delete_problem"}}, {"model": "auth.permission", "pk": 32, "fields": {"name": "Can view problem", "content_type": 8, "codename": "view_problem"}}, {"model": "auth.permission", "pk": 33, "fields": {"name": "Can add code submission", "content_type": 9, "codename": "add_codesubmission"}}, {"model": "auth.permission", "pk": 34, "fields": {"name": "Can change code submission", "content_type": 9, "codename": "change_codesubmission"}}, {"model": "auth.permission", "pk": 35, "fields": {"name": "Can delete code submission", "content_type": 9, "codename": "delete_codesubmission"}}, {"model": "auth.permission", "pk": 36, "fields": {"name": "Can view code submission", "content_type": 9, "codename": "view_codesubmission"}}, {"model": "auth.permission", "pk": 37, "fields": {"name": "Can add test case", "content_type": 10, "codename": "add_testcase"}}, {"model": "auth.permission", "pk": 38, "fields": {"name": "Can change test case", "content_type": 10, "codename": "change_testcase"}}, {"model": "auth.permission", "pk": 39, "fields": {"name": "Can delete test case", "content_type": 10, "codename": "delete_testcase"}}, {"model": "auth.permission", "pk": 40, "fields": {"name": "Can view test case", "content_type": 10, "codename": "view_testcase"}}, {"model": "auth.permission", "pk": 41, "fields": {"name": "Can add test case", "content_type": 11, "codename": "add_testcase"}}, {"model": "auth.permission", "pk": 42, "fields": {"name": "Can change test case", "content_type": 11, "codename": "change_testcase"}}, {"model": "auth.permission", "pk": 43, "fields": {"name": "Can delete test case", "content_type": 11, "codename": "delete_testcase"}}, {"model": "auth.permission", "pk": 44, "fields": {"name": "Can view test case", "content_type": 11, "codename": "view_testcase"}}, {"model": "auth.user", "pk": 1, "fields": {"password": "pbkdf2_sha256$1000000$iec16JY1qZS1GTcH4gARfW$gK5hKicrnx4un+KedF8iANt50juyvpxpdwtqJ4+uLCA=", "last_login": "2025-05-30T08:02:58.859Z", "is_superuser": true, "username": "rohansawlani", "first_name": "", "last_name": "", "email": "sawlanirohan03@gmail.com", "is_staff": true, "is_active": true, "date_joined": "2025-05-21T09:29:47.754Z", "groups": [], "user_permissions": []}}, {"model": "auth.user", "pk": 2, "fields": {"password": "pbkdf2_sha256$1000000$WGM3lbvGBjBsMYKtssG7Nb$hrxMKtUclrveFji5Flb6BKTYb/Niyn+KRL5Kh12+nKA=", "last_login": "2025-06-05T16:43:46.773Z", "is_superuser": false, "username": "sawlanirohan", "first_name": "", "last_name": "", "email": "", "is_staff": false, "is_active": true, "date_joined": "2025-05-21T13:59:32.195Z", "groups": [], "user_permissions": []}}, {"model": "auth.user", "pk": 3, "fields": {"password": "pbkdf2_sha256$1000000$fyEz1WL1QvJVKdg26if0Ha$VhD1G0z2nCQFZwivPDuBKCxhhibJnCRUndfCcIjhQ8g=", "last_login": null, "is_superuser": false, "username": "rohans231", "first_name": "", "last_name": "", "email": "", "is_staff": false, "is_active": true, "date_joined": "2025-06-05T16:43:25.661Z", "groups": [], "user_permissions": []}}, {"model": "contenttypes.contenttype", "pk": 1, "fields": {"app_label": "admin", "model": "logentry"}}, {"model": "contenttypes.contenttype", "pk": 2, "fields": {"app_label": "auth", "model": "permission"}}, {"model": "contenttypes.contenttype", "pk": 3, "fields": {"app_label": "auth", "model": "group"}}, {"model": "contenttypes.contenttype", "pk": 4, "fields": {"app_label": "auth", "model": "user"}}, {"model": "contenttypes.contenttype", "pk": 5, "fields": {"app_label": "contenttypes", "model": "contenttype"}}, {"model": "contenttypes.contenttype", "pk": 6, "fields": {"app_label": "sessions", "model": "session"}}, {"model": "contenttypes.contenttype", "pk": 7, "fields": {"app_label": "home", "model": "poll"}}, {"model": "contenttypes.contenttype", "pk": 8, "fields": {"app_label": "home", "model": "problem"}}, {"model": "contenttypes.contenttype", "pk": 9, "fields": {"app_label": "code_problem", "model": "codesubmission"}}, {"model": "contenttypes.contenttype", "pk": 10, "fields": {"app_label": "home", "model": "testcase"}}, {"model": "contenttypes.contenttype", "pk": 11, "fields": {"app_label": "code_problem", "model": "testcase"}}, {"model": "sessions.session", "pk": "c35stnajvqr7uq18qk75hsgh1zulxszl", "fields": {"session_data": ".eJxVjDsOgzAQBe_iOrL8wYBTpucM1lvvOpBEIGGootw9QqJI2jcz760S9m1Me5U1TayuyqnL70bIT5kPwA_M90XnZd7WifSh6JNWPSwsr9vp_h2MqONRE9sm9B6NtGwCgjNoi2cQt-S6CBjXdKaA4UJvWTrJsc825uLFF1KfL_vJOOA:1uNDgw:g-uul2K4TDsYeOCQ5TGTiS2KsN6V2Nq2rzbka8zNIKU", "expire_date": "2025-06-19T16:43:46.797Z"}}, {"model": "home.problem", "pk": 1, "fields": {"title": "Tic Tac Toe", "statement": "Hello world", "input_format": "char", "output_format": "char", "constraints": "don't put cross out of the grid", "sample_input": "xxx", "sample_output": "1", "difficulty": "Medium", "tags": "binary search", "created_at": "2025-05-22T16:52:22.292Z", "creator": 1}}, {"model": "home.problem", "pk": 2, "fields": {"title": "Chidiya Udd", "statement": "If that thing flys , Raise your finger. O/w not.", "input_format": "Char", "output_format": "By flying your finger", "constraints": "Your hand", "sample_input": "bird", "sample_output": "flies", "difficulty": "Hard", "tags": "DP", "created_at": "2025-05-22T21:09:06.839Z", "creator": 1}}, {"model": "home.problem", "pk": 3, "fields": {"title": "Two Sum", "statement": "Given an array of integers nums and an integer target, return indices of the two numbers such that they add up to target.\r\n\r\nYou may assume that each input would have exactly one solution, and you may not use the same element twice.\r\n\r\nYou can return the answer in any order.", "input_format": "Array & a target", "output_format": "an array of indices", "constraints": "2 <= nums.length <= 10^4\r\n-10^9 <= nums[i] <= 10^9\r\n-10^9 <= target <= 10^9", "sample_input": "Example 1:\r\n\r\nInput: nums = [2,7,11,15], target = 9\r\n\r\nExample 2:\r\n\r\nInput: nums = [3,2,4], target = 6", "sample_output": "Output: [0,1]\r\nExplanation: Because nums[0] + nums[1] == 9, we return [0, 1].\r\n\r\nOutput: [1,2]", "difficulty": "Easy", "tags": "Array  , Hash Table", "created_at": "2025-05-27T13:21:22.727Z", "creator": 1}}, {"model": "home.problem", "pk": 4, "fields": {"title": "Tower of Hanoi", "statement": "hello world", "input_format": "Array", "output_format": "integer", "constraints": "h", "sample_input": "2 3 4", "sample_output": "2", "difficulty": "Easy", "tags": "binary search", "created_at": "2025-05-28T16:25:49.740Z", "creator": 1}}, {"model": "home.problem", "pk": 5, "fields": {"title": "Sum of 2 Numbers", "statement": "given two integers , a , b , add them and output their sum .", "input_format": "array", "output_format": "integer", "constraints": "h", "sample_input": "h", "sample_output": "h", "difficulty": "Medium", "tags": "Array", "created_at": "2025-05-28T17:07:28.680Z", "creator": 2}}, {"model": "home.testcase", "pk": 1, "fields": {"problem": 4, "input_data": "2 3 4", "output_data": "2"}}, {"model": "home.testcase", "pk": 3, "fields": {"problem": 5, "input_data": "2 3", "output_data": "5"}}, {"model": "home.testcase", "pk": 9, "fields": {"problem": 5, "input_data": "3 4", "output_data": "7"}}, {"model": "home.testcase", "pk": 13, "fields": {"problem": 5, "input_data": "", "output_data": ""}}, {"model": "code_problem.codesubmission", "pk": 1, "fields": {"user": 1, "language": "C++", "code": "#include <bits/stdc++.h>\r\nusing namespace std;\r\n\r\nint main() {\r\n    int a, b;\r\n    cin >> a >> b;\r\n    cout << a + b << endl;\r\n    return 0;\r\n}", "input_data": "2 3", "output_data": "5", "timestamp": "2025-05-27T09:01:52.776Z", "verdict": null, "problem": 1}}, {"model": "code_problem.codesubmission", "pk": 4, "fields": {"user": 1, "language": "cpp", "code": "#include <bits/stdc++.h>\r\nusing namespace std;\r\n\r\nint main() {\r\n    int a, b;\r\n    cin >> a >> b;\r\n    cout << a + b << endl;\r\n    return 0;\r\n}", "input_data": "2 3", "output_data": null, "timestamp": "2025-05-27T09:04:00.004Z", "verdict": null, "problem": 1}}, {"model": "code_problem.codesubmission", "pk": 5, "fields": {"user": 1, "language": "cpp", "code": "#include <bits/stdc++.h>\r\nusing namespace std;\r\n\r\nint main() {\r\n    int a, b;\r\n    cin >> a >> b;\r\n    cout << a + b << endl;\r\n    return 0;\r\n}", "input_data": "2 3", "output_data": null, "timestamp": "2025-05-27T09:04:18.572Z", "verdict": null, "problem": 1}}, {"model": "code_problem.codesubmission", "pk": 6, "fields": {"user": 1, "language": "cpp", "code": "#include <bits/stdc++.h>\r\nusing namespace std;\r\n\r\nint main() {\r\n    int a, b;\r\n    cin >> a >> b;\r\n    cout << a + b << endl;\r\n    return 0;\r\n}", "input_data": "2 3", "output_data": "5\n", "timestamp": "2025-05-27T09:06:32.077Z", "verdict": null, "problem": 1}}, {"model": "code_problem.codesubmission", "pk": 7, "fields": {"user": 1, "language": "cpp", "code": "#include <bits/stdc++.h>\r\nusing namespace std;\r\n\r\nint main() {\r\n    cout << \"hello world\" << endl\r\n    return 0;\r\n}", "input_data": "", "output_data": "", "timestamp": "2025-05-27T09:07:25.023Z", "verdict": null, "problem": 1}}, {"model": "code_problem.codesubmission", "pk": 8, "fields": {"user": 1, "language": "cpp", "code": "#include <bits/stdc++.h>\r\nusing namespace std;\r\n\r\nint main() {\r\n    cout << \"hello world\" << endl\r\n    return 0;\r\n}", "input_data": "", "output_data": "", "timestamp": "2025-05-27T09:07:47.145Z", "verdict": null, "problem": 1}}, {"model": "code_problem.codesubmission", "pk": 9, "fields": {"user": 1, "language": "cpp", "code": "#include <bits/stdc++.h>\r\nusing namespace std;\r\n\r\nint main() {\r\n    cout << \"hello world\" << endl\r\n    return 0;\r\n}", "input_data": "2", "output_data": "", "timestamp": "2025-05-27T09:07:58.712Z", "verdict": null, "problem": 1}}, {"model": "code_problem.codesubmission", "pk": 10, "fields": {"user": 1, "language": "cpp", "code": "#include <bits/stdc++.h>\r\nusing namespace std;\r\n\r\nint main() {\r\n    cout << \"hello world\" << endl\r\n    return 0;\r\n}", "input_data": "2", "output_data": "", "timestamp": "2025-05-27T09:08:53.117Z", "verdict": null, "problem": 1}}, {"model": "code_problem.codesubmission", "pk": 11, "fields": {"user": 1, "language": "C++", "code": "#include <bits/stdc++.h>\r\nusing namespace std;\r\n\r\nint main() {\r\n    cout << \"hello world\" << endl\r\n    return 0;\r\n}", "input_data": "", "output_data": "hello world", "timestamp": "2025-05-27T09:09:04.181Z", "verdict": null, "problem": 1}}, {"model": "code_problem.codesubmission", "pk": 12, "fields": {"user": 1, "language": "cpp", "code": "#include <bits/stdc++.h>\r\nusing namespace std;\r\n\r\nint main() {\r\n    cout << \"hello world\" << endl\r\n    return 0;\r\n}", "input_data": "2", "output_data": "", "timestamp": "2025-05-27T09:09:07.806Z", "verdict": null, "problem": 1}}, {"model": "code_problem.codesubmission", "pk": 13, "fields": {"user": 1, "language": "cpp", "code": "#include <bits/stdc++.h>\r\nusing namespace std;\r\n\r\nint main() {\r\n    cout << \"hello world\" << endl;\r\n    return 0;\r\n}", "input_data": "", "output_data": "hello world\n", "timestamp": "2025-05-27T09:10:05.952Z", "verdict": null, "problem": 1}}, {"model": "code_problem.codesubmission", "pk": 14, "fields": {"user": 1, "language": "cpp", "code": "#include <bits/stdc++.h>\r\nusing namespace std;\r\n\r\nint main() {\r\n    int a, b;\r\n    cin >> a >> b;\r\n    cout << a + b << endl;\r\n    return 0;\r\n}", "input_data": "2 3", "output_data": "5\n", "timestamp": "2025-05-27T09:16:34.582Z", "verdict": null, "problem": 1}}, {"model": "code_problem.codesubmission", "pk": 15, "fields": {"user": 1, "language": "cpp", "code": "#include <bits/stdc++.h>\r\nusing namespace std;\r\n\r\nint main() {\r\n    int a, b;\r\n    cin >> a >> b;\r\n    cout << a + b << endl;\r\n    return 0;\r\n}", "input_data": "2 3", "output_data": "5\n", "timestamp": "2025-05-27T09:16:37.157Z", "verdict": null, "problem": 1}}, {"model": "code_problem.codesubmission", "pk": 16, "fields": {"user": 1, "language": "cpp", "code": "#include <bits/stdc++.h>\r\nusing namespace std;\r\n\r\nint main() {\r\n    int a, b;\r\n    cin >> a >> b;\r\n    cout << a + b << endl\r\n    return 0;\r\n}", "input_data": "2 3", "output_data": null, "timestamp": "2025-05-27T09:25:00.788Z", "verdict": null, "problem": 1}}, {"model": "code_problem.codesubmission", "pk": 17, "fields": {"user": 1, "language": "cpp", "code": "#include <bits/stdc++.h>\r\nusing namespace std;\r\n\r\nint main() {\r\n    int a, b;\r\n    cin >> a >> b;\r\n    cout << a + b << endl;\r\n    return 0;\r\n}", "input_data": "2 3", "output_data": null, "timestamp": "2025-05-27T09:25:11.076Z", "verdict": null, "problem": 1}}, {"model": "code_problem.codesubmission", "pk": 18, "fields": {"user": 1, "language": "cpp", "code": "#include <bits/stdc++.h>\r\nusing namespace std;\r\n\r\nint main() {\r\n    int a, b;\r\n    cin >> a >> b;\r\n    cout << a + b << endl;\r\n    return 0;\r\n}", "input_data": "2 3", "output_data": "5\n", "timestamp": "2025-05-27T09:27:00.489Z", "verdict": null, "problem": 1}}, {"model": "code_problem.codesubmission", "pk": 19, "fields": {"user": 1, "language": "cpp", "code": "#include <bits/stdc++.h>\r\nusing namespace std;\r\n\r\nint main() {\r\n    int a, b;\r\n    cin >> a >> b;\r\n    cout << a + b << endl;\r\n    return 0;\r\n}", "input_data": "2 3", "output_data": "5\n", "timestamp": "2025-05-27T09:29:49.512Z", "verdict": null, "problem": 1}}, {"model": "code_problem.codesubmission", "pk": 20, "fields": {"user": 1, "language": "cpp", "code": "#include <bits/stdc++.h>\r\nusing namespace std;\r\n\r\nint main() {\r\n    int a, b;\r\n    cin >> a >> b;\r\n    cout << a + b << endl\r\n    return 0;\r\n}", "input_data": "2 3", "output_data": "C:\\Users\\sawla\\OneDrive\\Documents\\My_project\\myproject\\codes\\0c2bba57-ba3d-4633-bee6-4362aa8f1928.cpp: In function 'int main()':\nC:\\Users\\sawla\\OneDrive\\Documents\\My_project\\myproject\\codes\\0c2bba57-ba3d-4633-bee6-4362aa8f1928.cpp:15:5: error: expected ';' before 'return'\n", "timestamp": "2025-05-27T09:29:58.421Z", "verdict": null, "problem": 1}}, {"model": "code_problem.codesubmission", "pk": 21, "fields": {"user": 1, "language": "cpp", "code": "#include <bits/stdc++.h>\r\nusing namespace std;\r\n\r\nint main() {\r\n    int a, b;\r\n    cin >> a >> b;\r\n    cout << a + b << endl\r\n    return 0;\r\n}", "input_data": "2 3", "output_data": null, "timestamp": "2025-05-27T09:32:04.071Z", "verdict": null, "problem": 1}}, {"model": "code_problem.codesubmission", "pk": 22, "fields": {"user": 1, "language": "cpp", "code": "#include <bits/stdc++.h>\r\nusing namespace std;\r\n\r\nint main() {\r\n    int a, b;\r\n    cin >> a >> b;\r\n    cout << a + b << endl\r\n    return 0;\r\n}", "input_data": "2 3", "output_data": "Compilation Error", "timestamp": "2025-05-27T09:33:59.753Z", "verdict": null, "problem": 1}}, {"model": "code_problem.codesubmission", "pk": 23, "fields": {"user": 1, "language": "cpp", "code": "#include <bits/stdc++.h>\r\nusing namespace std;\r\n\r\nint main() {\r\n    int a, b;\r\n    cin >> a >> b;\r\n    cout << a + b << endl;\r\n    return 0;\r\n}", "input_data": "2 3", "output_data": "5", "timestamp": "2025-05-27T09:34:08.055Z", "verdict": null, "problem": 1}}, {"model": "code_problem.codesubmission", "pk": 24, "fields": {"user": 1, "language": "cpp", "code": "#include <bits/stdc++.h>\r\nusing namespace std;\r\n\r\nint main() {\r\n    int a, b;\r\n    cin >> a >> b;\r\n    cout << a + b << endl;\r\n    return 0;\r\n}", "input_data": "2 3", "output_data": "5", "timestamp": "2025-05-27T09:40:22.568Z", "verdict": null, "problem": 1}}, {"model": "code_problem.codesubmission", "pk": 25, "fields": {"user": 1, "language": "cpp", "code": "#include <bits/stdc++.h>\r\nusing namespace std;\r\n\r\nint main() {\r\n    int a, b;\r\n    cin >> a >> b;\r\n    cout << a + b << endl\r\n    return 0;\r\n}", "input_data": "2 3", "output_data": "Compilation Error", "timestamp": "2025-05-27T09:40:45.207Z", "verdict": null, "problem": 1}}, {"model": "code_problem.codesubmission", "pk": 26, "fields": {"user": 1, "language": "cpp", "code": "#include <bits/stdc++.h>\r\nusing namespace std;\r\n\r\nint main() {\r\n    int a, b;\r\n    cin >> a >> b;\r\n    cout << a + b << endl\r\n    return 0;\r\n}", "input_data": "2 3", "output_data": "Compilation Error", "timestamp": "2025-05-27T09:44:16.355Z", "verdict": null, "problem": 1}}, {"model": "code_problem.codesubmission", "pk": 27, "fields": {"user": 1, "language": "cpp", "code": "#include <bits/stdc++.h>\r\nusing namespace std;\r\n\r\nint main() {\r\n    int a, b;\r\n    cin >> a >> b;\r\n    cout << a + b << endl;\r\n    return 0;\r\n}", "input_data": "2 3", "output_data": "5", "timestamp": "2025-05-27T11:57:17.231Z", "verdict": null, "problem": 1}}, {"model": "code_problem.codesubmission", "pk": 28, "fields": {"user": 1, "language": "cpp", "code": "#include <bits/stdc++.h>\r\nusing namespace std;\r\n\r\nint main() {\r\n    int a, b;\r\n    cin >> a >> b;\r\n    cout << a + b << endl;\r\n    return 0;\r\n}", "input_data": "2 3", "output_data": "5", "timestamp": "2025-05-27T11:57:33.421Z", "verdict": null, "problem": 1}}, {"model": "code_problem.codesubmission", "pk": 29, "fields": {"user": 1, "language": "cpp", "code": "#include <bits/stdc++.h>\r\nusing namespace std;\r\n\r\nint main() {\r\n    int a, b;\r\n    cin >> a >> b;\r\n    cout << a + b << endl;\r\n    return 0;\r\n}", "input_data": "2 3", "output_data": "5", "timestamp": "2025-05-27T11:57:43.218Z", "verdict": null, "problem": 1}}, {"model": "code_problem.codesubmission", "pk": 30, "fields": {"user": 1, "language": "cpp", "code": "#include <bits/stdc++.h>\r\nusing namespace std;\r\n\r\nint main() {\r\n    int a, b;\r\n    cin >> a >> b;\r\n    cout << a + b << endl;\r\n    return 0;\r\n}", "input_data": "", "output_data": "10623423", "timestamp": "2025-05-27T11:57:54.261Z", "verdict": null, "problem": 1}}, {"model": "code_problem.codesubmission", "pk": 31, "fields": {"user": 1, "language": "cpp", "code": "#include <bits/stdc++.h>\r\nusing namespace std;\r\n\r\nvector<int> twoSum(vector<int>& nums, int target) {\r\n    unordered_map<int, int> numIndex;  // map from number to its index\r\n\r\n    for (int i = 0; i < (int)nums.size(); i++) {\r\n        int complement = target - nums[i];\r\n        if (numIndex.find(complement) != numIndex.end()) {\r\n            return {numIndex[complement], i};\r\n        }\r\n        numIndex[nums[i]] = i;\r\n    }\r\n    return {};  // no solution found\r\n}\r\n\r\nint main() {\r\n    int n, target;\r\n    cin >> n >> target;\r\n    vector<int> nums(n);\r\n    for (int &x : nums) cin >> x;\r\n\r\n    vector<int> result = twoSum(nums, target);\r\n    if (!result.empty()) {\r\n        cout << result[0] << \" \" << result[1] << \"\\n\";\r\n    } else {\r\n        cout << \"No two sum solution found.\\n\";\r\n    }\r\n    return 0;\r\n}", "input_data": null, "output_data": null, "timestamp": "2025-05-27T13:25:48.680Z", "verdict": null, "problem": 1}}, {"model": "code_problem.codesubmission", "pk": 32, "fields": {"user": 1, "language": "cpp", "code": "#include <bits/stdc++.h>\r\nusing namespace std;\r\n\r\nvector<int> twoSum(vector<int>& nums, int target) {\r\n    unordered_map<int, int> numIndex;  // map from number to its index\r\n\r\n    for (int i = 0; i < (int)nums.size(); i++) {\r\n        int complement = target - nums[i];\r\n        if (numIndex.find(complement) != numIndex.end()) {\r\n            return {numIndex[complement], i};\r\n        }\r\n        numIndex[nums[i]] = i;\r\n    }\r\n    return {};  // no solution found\r\n}\r\n\r\nint main() {\r\n    int n, target;\r\n    cin >> n >> target;\r\n    vector<int> nums(n);\r\n    for (int &x : nums) cin >> x;\r\n\r\n    vector<int> result = twoSum(nums, target);\r\n    if (!result.empty()) {\r\n        cout << result[0] << \" \" << result[1] << \"\\n\";\r\n    } else {\r\n        cout << \"No two sum solution found.\\n\";\r\n    }\r\n    return 0;\r\n}", "input_data": null, "output_data": null, "timestamp": "2025-05-27T13:29:55.677Z", "verdict": null, "problem": 1}}, {"model": "code_problem.codesubmission", "pk": 33, "fields": {"user": 1, "language": "cpp", "code": "#include <bits/stdc++.h>\r\nusing namespace std;\r\n\r\nvector<int> twoSum(vector<int>& nums, int target) {\r\n    unordered_map<int, int> numIndex;  // map from number to its index\r\n\r\n    for (int i = 0; i < (int)nums.size(); i++) {\r\n        int complement = target - nums[i];\r\n        if (numIndex.find(complement) != numIndex.end()) {\r\n            return {numIndex[complement], i};\r\n        }\r\n        numIndex[nums[i]] = i;\r\n    }\r\n    return {};  // no solution found\r\n}\r\n\r\nint main() {\r\n    int n, target;\r\n    cin >> n >> target;\r\n    vector<int> nums(n);\r\n    for (int &x : nums) cin >> x;\r\n\r\n    vector<int> result = twoSum(nums, target);\r\n    if (!result.empty()) {\r\n        cout << result[0] << \" \" << result[1] << \"\\n\";\r\n    } else {\r\n        cout << \"No two sum solution found.\\n\";\r\n    }\r\n    return 0;\r\n}", "input_data": null, "output_data": "Time Limit Error", "timestamp": "2025-05-27T13:36:38.104Z", "verdict": null, "problem": 1}}, {"model": "code_problem.codesubmission", "pk": 34, "fields": {"user": 1, "language": "cpp", "code": "#include <bits/stdc++.h>\r\nusing namespace std;\r\n\r\nvector<int> twoSum(vector<int>& nums, int target) {\r\n    unordered_map<int, int> numIndex;  // map from number to its index\r\n\r\n    for (int i = 0; i < (int)nums.size(); i++) {\r\n        int complement = target - nums[i];\r\n        if (numIndex.find(complement) != numIndex.end()) {\r\n            return {numIndex[complement], i};\r\n        }\r\n        numIndex[nums[i]] = i;\r\n    }\r\n    return {};  // no solution found\r\n}\r\n\r\nint main() {\r\n    int n, target;\r\n    cin >> n >> target;\r\n    vector<int> nums(n);\r\n    for (int &x : nums) cin >> x;\r\n\r\n    vector<int> result = twoSum(nums, target);\r\n    if (!result.empty()) {\r\n        cout << result[0] << \" \" << result[1] << \"\\n\";\r\n    } else {\r\n        cout << \"No two sum solution found.\\n\";\r\n    }\r\n    return 0;\r\n}", "input_data": null, "output_data": "Time Limit Error", "timestamp": "2025-05-27T13:39:36.622Z", "verdict": null, "problem": 1}}, {"model": "code_problem.codesubmission", "pk": 35, "fields": {"user": 1, "language": "cpp", "code": "#include <bits/stdc++.h>\r\nusing namespace std;\r\n\r\nvector<int> twoSum(vector<int>& nums, int target) {\r\n    unordered_map<int, int> numIndex;  // map from number to its index\r\n\r\n    for (int i = 0; i < (int)nums.size(); i++) {\r\n        int complement = target - nums[i];\r\n        if (numIndex.find(complement) != numIndex.end()) {\r\n            return {numIndex[complement], i};\r\n        }\r\n        numIndex[nums[i]] = i;\r\n    }\r\n    return {};  // no solution found\r\n}\r\n\r\nint main() {\r\n    int n, target;\r\n    cin >> n >> target;\r\n    vector<int> nums(n);\r\n    for (int &x : nums) cin >> x;\r\n\r\n    vector<int> result = twoSum(nums, target);\r\n    if (!result.empty()) {\r\n        cout << result[0] << \" \" << result[1] << \"\\n\";\r\n    } else {\r\n        cout << \"No two sum solution found.\\n\";\r\n    }\r\n    return 0;\r\n}", "input_data": null, "output_data": "Time Limit Error", "timestamp": "2025-05-27T13:42:53.360Z", "verdict": null, "problem": 1}}, {"model": "code_problem.codesubmission", "pk": 36, "fields": {"user": 1, "language": "cpp", "code": "#include <bits/stdc++.h>\r\nusing namespace std;\r\n\r\nvector<int> twoSum(vector<int>& nums, int target) {\r\n    unordered_map<int, int> numIndex;\r\n    for (int i = 0; i < nums.size(); i++) {\r\n        int complement = target - nums[i];\r\n        if (numIndex.find(complement) != numIndex.end()) {\r\n            return {numIndex[complement], i};\r\n        }\r\n        numIndex[nums[i]] = i;\r\n    }\r\n    return {}; // return empty vector if no solution found\r\n}\r\n\r\nint main() {\r\n    vector<int> nums = {2, 7, 11, 15};\r\n    int target = 9;\r\n\r\n    vector<int> result = twoSum(nums, target);\r\n    if (!result.empty()) {\r\n        cout << \"Indices: \" << result[0] << \" and \" << result[1] << endl;\r\n    } else {\r\n        cout << \"No two sum solution found.\" << endl;\r\n    }\r\n\r\n    return 0;\r\n}", "input_data": "", "output_data": "Indices: 0 and 1\n", "timestamp": "2025-05-28T13:36:42.875Z", "verdict": null, "problem": 1}}, {"model": "code_problem.codesubmission", "pk": 37, "fields": {"user": 1, "language": "cpp", "code": "#include <bits/stdc++.h>\r\nusing namespace std;\r\n\r\nvector<int> twoSum(vector<int>& nums, int target) {\r\n    unordered_map<int, int> numIndex;\r\n    for (int i = 0; i < nums.size(); i++) {\r\n        int complement = target - nums[i];\r\n        if (numIndex.find(complement) != numIndex.end()) {\r\n            return {numIndex[complement], i};\r\n        }\r\n        numIndex[nums[i]] = i;\r\n    }\r\n    return {}; // return empty vector if no solution found\r\n}\r\n\r\nint main() {\r\n    vector<int> nums = {2, 7, 11, 15};\r\n    int target = 9;\r\n\r\n    vector<int> result = twoSum(nums, target);\r\n    if (!result.empty()) {\r\n        cout << \"Indices: \" << result[0] << \" and \" << result[1] << endl;\r\n    } else {\r\n        cout << \"No two sum solution found.\" << endl;\r\n    }\r\n\r\n    return 0;\r\n}", "input_data": "", "output_data": "Indices: 0 and 1\n", "timestamp": "2025-05-28T13:37:57.875Z", "verdict": null, "problem": 1}}, {"model": "code_problem.codesubmission", "pk": 38, "fields": {"user": 1, "language": "cpp", "code": "#include<bits/stdc++.h>\r\nusing namespace std;\r\n\r\nint main(){\r\nint a , b ,c ;\r\ncin >> a >> b >> c;\r\ncout << 2 << endl;", "input_data": "", "output_data": null, "timestamp": "2025-05-29T07:12:26.136Z", "verdict": "Accepted", "problem": 5}}, {"model": "code_problem.codesubmission", "pk": 39, "fields": {"user": 1, "language": "cpp", "code": "#include<bits/stdc++.h>\r\nusing namespace std;\r\n\r\nint main(){\r\nint a , b ,c ;\r\ncin >> a >> b >> c;\r\ncout << 2 << endl;", "input_data": "", "output_data": null, "timestamp": "2025-05-29T07:19:33.409Z", "verdict": "Accepted", "problem": 5}}, {"model": "code_problem.codesubmission", "pk": 40, "fields": {"user": 1, "language": "cpp", "code": "#include<bits/stdc++.h>\r\nusing namespace std;\r\n\r\nint main(){\r\nint a , b ,c ;\r\ncin >> a >> b >> c;\r\ncout << 2 << endl;", "input_data": "", "output_data": null, "timestamp": "2025-05-29T07:21:17.789Z", "verdict": "Accepted", "problem": 5}}, {"model": "code_problem.codesubmission", "pk": 41, "fields": {"user": 1, "language": "cpp", "code": "#include<bits/stdc++.h>\r\nusing namespace std;\r\n\r\nint main(){\r\nint a , b ,c ;\r\ncin >> a >> b >> c;\r\ncout << 2 << endl;", "input_data": "", "output_data": null, "timestamp": "2025-05-29T07:22:55.404Z", "verdict": "Accepted", "problem": 5}}, {"model": "code_problem.codesubmission", "pk": 42, "fields": {"user": 1, "language": "cpp", "code": "#include<bits/stdc++.h>\r\nusing namespace std;\r\n\r\nint main(){\r\nint a , b ,c ;\r\ncin >> a >> b >> c;\r\ncout << 2 << endl;", "input_data": "", "output_data": null, "timestamp": "2025-05-29T07:24:21.699Z", "verdict": "Accepted", "problem": 5}}, {"model": "code_problem.codesubmission", "pk": 43, "fields": {"user": 1, "language": "cpp", "code": "#include<bits/stdc++.h>\r\nusing namespace std;\r\nint main(){\r\nint a , b ,c;\r\ncin >> a >> b >> c;\r\ncout << 2 << endl;\r\n}", "input_data": "", "output_data": null, "timestamp": "2025-05-29T07:25:40.860Z", "verdict": "Accepted", "problem": 5}}, {"model": "code_problem.codesubmission", "pk": 44, "fields": {"user": 1, "language": "cpp", "code": "#include<bits/stdc++.h>\r\nusing namespace std;\r\nint main(){\r\nint a , b ,c;\r\ncin >> a >> b >> c;\r\ncout << 2 << endl;\r\n}", "input_data": "", "output_data": null, "timestamp": "2025-05-29T07:26:01.528Z", "verdict": "Accepted", "problem": 5}}, {"model": "code_problem.codesubmission", "pk": 45, "fields": {"user": 1, "language": "py", "code": "#include<bits/stdc++.h>\r\nusing namespace std;\r\nint main(){\r\nint a , b ,c ;\r\ncin >> a >> b >> c;\r\ncout << 2 << endl;\r\n}", "input_data": "2 3 4", "output_data": null, "timestamp": "2025-05-29T07:40:36.652Z", "verdict": "Accepted", "problem": 5}}, {"model": "code_problem.codesubmission", "pk": 46, "fields": {"user": 1, "language": "py", "code": "#include<bits/stdc++.h>\r\nusing namespace std;\r\nint main(){\r\nint a , b ,c ;\r\ncin >> a >> b >> c;\r\ncout << 2 << endl;\r\n}", "input_data": "2 3 4", "output_data": null, "timestamp": "2025-05-29T07:40:40.524Z", "verdict": "Accepted", "problem": 5}}, {"model": "code_problem.codesubmission", "pk": 47, "fields": {"user": 1, "language": "cpp", "code": "#include<bits/stdc++.h>\r\nusing namespace std;\r\nint main(){\r\nint a , b ,c ;\r\ncin >> a >> b >> c;\r\ncout << 2 << endl;\r\n}", "input_data": "2 3 4", "output_data": "2\n", "timestamp": "2025-05-29T07:48:57.488Z", "verdict": null, "problem": 5}}, {"model": "code_problem.codesubmission", "pk": 48, "fields": {"user": 1, "language": "cpp", "code": "#include<bits/stdc++.h>\r\nusing namespace std;\r\nint main(){\r\nint a , b ,c ;\r\ncin >> a >> b >> c;\r\ncout << 2 << endl;\r\n}", "input_data": "2 3 4", "output_data": null, "timestamp": "2025-05-29T07:49:03.597Z", "verdict": "Accepted", "problem": 5}}, {"model": "code_problem.codesubmission", "pk": 49, "fields": {"user": 1, "language": "cpp", "code": "#include<bits/stdc++.h>\r\nusing namespace std;\r\nint main(){\r\nint a ,b,c;\r\ncin >> a >> b >> c;\r\ncout << 2 << endl;\r\n}", "input_data": "2 3 4", "output_data": null, "timestamp": "2025-05-29T08:08:49.171Z", "verdict": "Accepted", "problem": 5}}, {"model": "code_problem.codesubmission", "pk": 50, "fields": {"user": 1, "language": "py", "code": "#include<bits/stdc++.h>\r\nusing namespace std;\r\nint main(){\r\nint a,b,c;\r\ncin >> a >> b >>c;\r\ncout << 2 << endl;\r\n}", "input_data": "2 3 4", "output_data": "  File \"C:\\Users\\sawla\\OneDrive\\Documents\\My_project\\myproject\\codes\\018096b1-34ac-483b-b15a-3770b0c64e7e.py\", line 3\r\n    using namespace std;\r\n          ^^^^^^^^^\r\nSyntaxError: invalid syntax\r\n", "timestamp": "2025-05-29T08:16:34.981Z", "verdict": null, "problem": 5}}, {"model": "code_problem.codesubmission", "pk": 51, "fields": {"user": 1, "language": "cpp", "code": "#include<bits/stdc++.h>\r\nusing namespace std;\r\nint main(){\r\nint a,b,c;\r\ncin >> a >> b >>c;\r\ncout << 2 << endl;\r\n}", "input_data": "2 3 4", "output_data": "2\r\n", "timestamp": "2025-05-29T08:16:47.834Z", "verdict": null, "problem": 5}}, {"model": "code_problem.codesubmission", "pk": 52, "fields": {"user": 1, "language": "cpp", "code": "#include<bits/stdc++.h>\r\nusing namespace std;\r\nint main(){\r\nint a,b,c;\r\ncin >> a >> b >>c;\r\ncout << 2 << endl;\r\n}", "input_data": "2 3 4", "output_data": "All test cases passed.", "timestamp": "2025-05-29T08:16:53.462Z", "verdict": "Accepted", "problem": 5}}, {"model": "code_problem.codesubmission", "pk": 53, "fields": {"user": 2, "language": "cpp", "code": "#include<bits/stdc++.h>\r\nusing namespace std;\r\nint main(){\r\nint a,b,c;\r\ncin >> a >> b >>c;\r\ncout << 2 << endl;\r\n}", "input_data": "2 3 4", "output_data": "2\r\n", "timestamp": "2025-05-29T08:19:21.263Z", "verdict": null, "problem": 5}}, {"model": "code_problem.codesubmission", "pk": 54, "fields": {"user": 2, "language": "cpp", "code": "#include<bits/stdc++.h>\r\nusing namespace std;\r\nint main(){\r\nint a,b,c;\r\ncin >> a >> b >>c;\r\ncout << 2 << endl;\r\n}", "input_data": "2 3 4", "output_data": "All test cases passed.", "timestamp": "2025-05-29T08:19:24.758Z", "verdict": "Accepted", "problem": 5}}, {"model": "code_problem.codesubmission", "pk": 55, "fields": {"user": 2, "language": "cpp", "code": "#include<bits/stdc++.h>\r\nusing namespace std;\r\nint main(){\r\nint a,b,c;\r\ncin >> a >> b >>c;\r\ncout << 2 << endl;\r\n}", "input_data": "2 3 4", "output_data": "All test cases passed.", "timestamp": "2025-05-29T08:19:31.064Z", "verdict": "Accepted", "problem": 5}}, {"model": "code_problem.codesubmission", "pk": 56, "fields": {"user": 2, "language": "cpp", "code": "#include<bits/stdc++.h>\r\nusing namespace std;\r\nint main(){\r\nint a,b,c;\r\ncin >> a >> b >>c;\r\ncout << 2 << endl;\r\n}", "input_data": "2 3 4", "output_data": "2\r\n", "timestamp": "2025-05-29T08:46:07.871Z", "verdict": null, "problem": 5}}, {"model": "code_problem.codesubmission", "pk": 57, "fields": {"user": 2, "language": "cpp", "code": "#include<bits/stdc++.h>\r\nusing namespace std;\r\nint main(){\r\nint a,b,c;\r\ncin >> a >> b >>c;\r\ncout << 2 << endl;\r\n}", "input_data": "2 3 4", "output_data": "All test cases passed.", "timestamp": "2025-05-29T08:46:10.887Z", "verdict": "Accepted", "problem": 5}}, {"model": "code_problem.codesubmission", "pk": 58, "fields": {"user": 1, "language": "cpp", "code": "#include<bits/stdc++.h>\r\nusing namespace std;\r\nint main(){\r\nint a,b,c;\r\ncin >> a >> b >>c;\r\ncout << 2 << endl;\r\n}", "input_data": "2 3 4", "output_data": "All test cases passed.", "timestamp": "2025-05-29T11:13:11.997Z", "verdict": "Accepted", "problem": 5}}, {"model": "code_problem.codesubmission", "pk": 59, "fields": {"user": 2, "language": "cpp", "code": "#include<bits/stdc++.h>\r\nusing namespace std;\r\nint main(){\r\nint a , b,c;\r\ncin >> a >> b >>c;\r\ncout << 2 << endl;\r\nreturn 0;\r\n}", "input_data": "2 3 4", "output_data": "2\r\n", "timestamp": "2025-05-30T06:45:23.174Z", "verdict": null, "problem": 5}}, {"model": "code_problem.codesubmission", "pk": 60, "fields": {"user": 2, "language": "cpp", "code": "#include<bits/stdc++.h>\r\nusing namespace std;\r\nint main(){\r\nint a , b,c;\r\ncin >> a >> b >>c;\r\ncout << 2 << endl;\r\nreturn 0;\r\n}", "input_data": "2 3 4", "output_data": "All test cases passed.", "timestamp": "2025-05-30T06:45:28.982Z", "verdict": "Accepted", "problem": 5}}, {"model": "code_problem.codesubmission", "pk": 61, "fields": {"user": 2, "language": "cpp", "code": "#include<bits/stdc++.h>\r\nusing namespace std;\r\nint main(){\r\nint a , b , c;\r\ncin >> a >> b >> c;\r\ncout << 3 << endl;\r\n}", "input_data": "2 3 4", "output_data": "3\r\n", "timestamp": "2025-05-30T07:30:18.365Z", "verdict": "Ran with Custom Input", "problem": 5}}, {"model": "code_problem.codesubmission", "pk": 62, "fields": {"user": 2, "language": "cpp", "code": "#include<bits/stdc++.h>\r\nusing namespace std;\r\nint main(){\r\nint a , b , c;\r\ncin >> a >> b >> c;\r\ncout << 3 << endl;\r\n}", "input_data": "2 3 4", "output_data": "3\r\n", "timestamp": "2025-05-30T07:30:33.453Z", "verdict": "Ran with Custom Input", "problem": 5}}, {"model": "code_problem.codesubmission", "pk": 63, "fields": {"user": 2, "language": "cpp", "code": "#include<bits/stdc++.h>\r\nusing namespace std;\r\nint main(){\r\nint a , b , c;\r\ncin >> a >> b >> c;\r\ncout << 3 << endl;\r\n}", "input_data": "2 3 4", "output_data": "Output mismatch on test case #1.", "timestamp": "2025-05-30T07:30:41.380Z", "verdict": "Wrong Answer on Test Case 1", "problem": 5}}, {"model": "code_problem.codesubmission", "pk": 64, "fields": {"user": 2, "language": "cpp", "code": "#include<bits/stdc++.h>\r\nusing namespace std;\r\nint main(){\r\nint a , b , c;\r\ncin >> a >> b >> c;\r\ncout << 2 << endl;\r\n}", "input_data": "2 3 4", "output_data": "Output mismatch on test case #2.", "timestamp": "2025-05-30T07:30:58.914Z", "verdict": "Wrong Answer on Test Case 2", "problem": 5}}, {"model": "code_problem.codesubmission", "pk": 65, "fields": {"user": 2, "language": "cpp", "code": "#include<bits/stdc++.h>\r\nusing namespace std;\r\nint main(){\r\nint a , b , c;\r\ncin >> a >> b >> c;\r\ncout << 2 << endl;\r\n}", "input_data": "2 3 4", "output_data": "2\r\n", "timestamp": "2025-05-30T07:33:06.036Z", "verdict": null, "problem": 5}}, {"model": "code_problem.codesubmission", "pk": 66, "fields": {"user": 2, "language": "cpp", "code": "#include<bits/stdc++.h>\r\nusing namespace std;\r\nint main(){\r\nint a , b , c;\r\ncin >> a >> b >> c;\r\ncout << 2 << endl;\r\n}", "input_data": "2 3 4", "output_data": "Output mismatch on test case #2.", "timestamp": "2025-05-30T07:33:16.720Z", "verdict": "Wrong Answer on Test Case 2", "problem": 5}}, {"model": "code_problem.codesubmission", "pk": 67, "fields": {"user": 2, "language": "cpp", "code": "#include<bits/stdc++.h>\r\nusing namespace std;\r\nint main(){\r\nint a , b , c;\r\ncin >> a >> b >> c;\r\ncout << 2 << endl;\r\n}", "input_data": "2 3 4", "output_data": null, "timestamp": "2025-05-30T07:34:23.050Z", "verdict": null, "problem": 5}}, {"model": "code_problem.codesubmission", "pk": 68, "fields": {"user": 2, "language": "cpp", "code": "#include<bits/stdc++.h>\r\nusing namespace std;\r\nint main(){\r\nint a , b , c;\r\ncin >> a >> b >> c;\r\ncout << 2 << endl;\r\n}", "input_data": "2 3 4", "output_data": "Output mismatch on test case #2.", "timestamp": "2025-05-30T07:34:31.387Z", "verdict": "Wrong Answer on Test Case 2", "problem": 5}}, {"model": "code_problem.codesubmission", "pk": 69, "fields": {"user": 2, "language": "cpp", "code": "#include<bits/stdc++.h>\r\nusing namespace std;\r\nint main(){\r\nint a , b , c;\r\ncin >> a >> b >> c;\r\ncout << 2 << endl;\r\n}", "input_data": "2 3 4", "output_data": null, "timestamp": "2025-05-30T07:39:27.729Z", "verdict": null, "problem": 5}}, {"model": "code_problem.codesubmission", "pk": 70, "fields": {"user": 2, "language": "cpp", "code": "#include<bits/stdc++.h>\r\nusing namespace std;\r\nint main(){\r\nint a , b , c;\r\ncin >> a >> b >> c;\r\ncout << 2 << endl;\r\n}", "input_data": "2 3 4", "output_data": null, "timestamp": "2025-05-30T07:41:32.856Z", "verdict": null, "problem": 5}}, {"model": "code_problem.codesubmission", "pk": 71, "fields": {"user": 2, "language": "cpp", "code": "#include<bits/stdc++.h>\r\nusing namespace std;\r\nint main(){\r\nint a , b , c;\r\ncin >> a >> b >> c;\r\ncout << 2 << endl;\r\n}", "input_data": "2 3 4", "output_data": "Output mismatch on test case #2.", "timestamp": "2025-05-30T07:41:40.677Z", "verdict": "Wrong Answer on Test Case 2", "problem": 5}}, {"model": "code_problem.codesubmission", "pk": 72, "fields": {"user": 2, "language": "cpp", "code": "#include<bits/stdc++.h>\r\nusing namespace std;\r\nint main(){\r\nint a , b , c;\r\ncin >> a >> b >> c;\r\ncout << 2 << endl;\r\n}", "input_data": "2 3 4", "output_data": null, "timestamp": "2025-05-30T07:44:06.239Z", "verdict": null, "problem": 5}}, {"model": "code_problem.codesubmission", "pk": 73, "fields": {"user": 2, "language": "cpp", "code": "#include<bits/stdc++.h>\r\nusing namespace std;\r\nint main(){\r\nint a , b , c;\r\ncin >> a >> b >> c;\r\ncout << 2 << endl;\r\n}", "input_data": "2 3 4", "output_data": null, "timestamp": "2025-05-30T07:46:14.544Z", "verdict": null, "problem": 5}}, {"model": "code_problem.codesubmission", "pk": 74, "fields": {"user": 2, "language": "cpp", "code": "#include<bits/stdc++.h>\r\nusing namespace std;\r\nint main(){\r\nint a , b , c;\r\ncin >> a >> b >> c;\r\ncout << 2 << endl;\r\n}", "input_data": "2 3 4", "output_data": null, "timestamp": "2025-05-30T07:57:16.595Z", "verdict": null, "problem": 5}}, {"model": "code_problem.codesubmission", "pk": 75, "fields": {"user": 2, "language": "cpp", "code": "#include<bits/stdc++.h>\r\nusing namespace std;\r\nint main(){\r\nint a , b , c;\r\ncin >> a >> b >> c;\r\ncout << 2 << endl;\r\n}", "input_data": "2 3 4", "output_data": "Output mismatch on test case #2.", "timestamp": "2025-05-30T07:57:25.821Z", "verdict": "Wrong Answer on Test Case 2", "problem": 5}}, {"model": "code_problem.codesubmission", "pk": 76, "fields": {"user": 2, "language": "cpp", "code": "#include<bits/stdc++.h>\r\nusing namespace std;\r\nint main(){\r\nint a , b , c;\r\ncin >> a >> b >> c;\r\ncout << 2 << endl;\r\n}", "input_data": "2 3 4", "output_data": null, "timestamp": "2025-05-30T07:57:43.626Z", "verdict": null, "problem": 5}}, {"model": "code_problem.codesubmission", "pk": 77, "fields": {"user": 2, "language": "cpp", "code": "#include<bits/stdc++.h>\r\nusing namespace std;\r\nint main(){\r\nint a , b , c;\r\ncin >> a >> b >> c;\r\ncout << 2 << endl;\r\n}", "input_data": "2 3 4", "output_data": "Output mismatch on test case #2.", "timestamp": "2025-05-30T07:57:50.155Z", "verdict": "Wrong Answer on Test Case 2", "problem": 5}}, {"model": "code_problem.codesubmission", "pk": 78, "fields": {"user": 2, "language": "cpp", "code": "#include<bits/stdc++.h>\r\nusing namespace std;\r\nint main(){\r\nint a , b , c;\r\ncin >> a >> b >> c;\r\ncout << 2 << endl;\r\n}", "input_data": "2 3 4", "output_data": "Output mismatch on test case #2.", "timestamp": "2025-05-30T08:02:02.446Z", "verdict": "Wrong Answer on Test Case 2", "problem": 5}}, {"model": "code_problem.codesubmission", "pk": 79, "fields": {"user": 2, "language": "cpp", "code": "#include<bits/stdc++.h>\r\nusing namespace std;\r\nint main(){\r\nint a , b , c;\r\ncin >> a >> b >> c;\r\ncout << 2 << endl;\r\n}", "input_data": "", "output_data": "Output mismatch on test case #2.", "timestamp": "2025-05-30T09:07:27.714Z", "verdict": "Wrong Answer on Test Case 2", "problem": 5}}, {"model": "code_problem.codesubmission", "pk": 80, "fields": {"user": 2, "language": "cpp", "code": "#include<bits/stdc++.h>\r\nusing namespace std;\r\nint main(){\r\nint a , b ,c ;\r\ncin >> a >> b >> c;\r\ncout << 2 << endl;\r\nreturn 0;\r\n}", "input_data": "2 3 4", "output_data": "Output mismatch on test case #2.", "timestamp": "2025-06-01T20:18:04.863Z", "verdict": "Wrong Answer on Test Case 2", "problem": 5}}, {"model": "code_problem.codesubmission", "pk": 81, "fields": {"user": 2, "language": "cpp", "code": "#include<bits/stdc++.h>\r\nusing namespace std;\r\nint main(){\r\nint a , b , c;\r\ncin >> a >> b >> c;\r\ncout << 2 << endl;\r\n}", "input_data": "", "output_data": "Output mismatch on test case #2.", "timestamp": "2025-06-01T21:15:35.695Z", "verdict": "Wrong Answer on Test Case 2", "problem": 5}}, {"model": "code_problem.codesubmission", "pk": 82, "fields": {"user": 2, "language": "cpp", "code": "#include<bits/stdc++.h>\r\nusing namespace std;\r\nint main(){\r\nint a , b , c;\r\ncin >> a >> b >> c;\r\ncout << 2 << endl;\r\n}", "input_data": "", "output_data": "Output mismatch on test case #1.", "timestamp": "2025-06-01T22:00:55.594Z", "verdict": "Wrong Answer on Test Case 1", "problem": 5}}, {"model": "code_problem.codesubmission", "pk": 83, "fields": {"user": 2, "language": "cpp", "code": "#include<bits/stdc++.h>\r\nusing namespace std;\r\nint main(){\r\nint a , b , c;\r\ncin >> a >> b >> c;\r\ncout << 2 << endl;\r\n}", "input_data": "", "output_data": "Output mismatch on test case #1.", "timestamp": "2025-06-01T22:35:22.123Z", "verdict": "Wrong Answer on Test Case 1", "problem": 5}}, {"model": "code_problem.codesubmission", "pk": 84, "fields": {"user": 2, "language": "cpp", "code": "#include<bits/stdc++.h>\r\nusing namespace std;\r\nint main(){\r\nint a , b , c;\r\ncin >> a >> b >> c;\r\ncout << 2 << endl;\r\n}", "input_data": "2 3 4", "output_data": "Output mismatch on test case #1.", "timestamp": "2025-06-01T23:01:04.399Z", "verdict": "Wrong Answer on Test Case 1", "problem": 5}}, {"model": "code_problem.codesubmission", "pk": 85, "fields": {"user": 2, "language": "cpp", "code": "#include<bits/stdc++.h>\r\nusing namespace std;\r\nint main(){\r\nint a , b , c;\r\ncin >> a >> b >> c;\r\ncout << 2 << endl;\r\n}", "input_data": "", "output_data": "Output mismatch on test case #1.", "timestamp": "2025-06-01T23:27:24.640Z", "verdict": "Wrong Answer on Test Case 1", "problem": 5}}, {"model": "code_problem.codesubmission", "pk": 86, "fields": {"user": 2, "language": "cpp", "code": "#include<bits/stdc++.h>\r\nusing namespace std;\r\nint main(){\r\nint a , b , c;\r\ncin >> a >> b >> c;\r\ncout << 2 << endl;\r\n}", "input_data": "", "output_data": "Output mismatch on test case #1.", "timestamp": "2025-06-02T08:57:32.491Z", "verdict": "Wrong Answer on Test Case 1", "problem": 5}}, {"model": "code_problem.codesubmission", "pk": 87, "fields": {"user": 2, "language": "cpp", "code": "#include<bits/stdc++.h>\r\nusing namespace std;\r\nint main(){\r\nint a , b , c;\r\ncin >> a >> b >> c;\r\ncout << 2 << endl;\r\n}", "input_data": "", "output_data": "Output mismatch on test case #1.", "timestamp": "2025-06-02T10:08:10.101Z", "verdict": "Wrong Answer on Test Case 1", "problem": 5}}, {"model": "code_problem.codesubmission", "pk": 88, "fields": {"user": 2, "language": "cpp", "code": "#include<bits/stdc++.h>\r\nusing namespace std;\r\nint main(){\r\nint a , b , c;\r\ncin >> a >> b >> c;\r\ncout << 2 << endl;\r\n}", "input_data": "", "output_data": "Output mismatch on test case #1.", "timestamp": "2025-06-02T10:20:39.096Z", "verdict": "Wrong Answer on Test Case 1", "problem": 5}}, {"model": "code_problem.codesubmission", "pk": 89, "fields": {"user": 2, "language": "cpp", "code": "#include<bits/stdc++.h>\r\nusing namespace std;\r\nint main(){\r\nint a , b , c;\r\ncin >> a >> b >> c;\r\ncout << 2 << endl;\r\n}", "input_data": "", "output_data": "Output mismatch on test case #1.", "timestamp": "2025-06-02T11:31:46.236Z", "verdict": "Wrong Answer on Test Case 1", "problem": 5}}, {"model": "code_problem.codesubmission", "pk": 90, "fields": {"user": 2, "language": "cpp", "code": "#include<bits/stdc++.h>\r\nusing namespace std;\r\nint main(){\r\nint a , b , c;\r\ncin >> a >> b >> c;\r\ncout << 2 << endl;\r\n}", "input_data": "", "output_data": "Output mismatch on test case #1.", "timestamp": "2025-06-02T13:34:35.139Z", "verdict": "Wrong Answer on Test Case 1", "problem": 5}}, {"model": "code_problem.codesubmission", "pk": 91, "fields": {"user": 2, "language": "cpp", "code": "#include<bits/stdc++.h>\r\nusing namespace std;\r\nint main(){\r\nint a , b , c;\r\ncin >> a >> b >> c;\r\ncout << 2 << endl;\r\n}", "input_data": "", "output_data": "Output mismatch on test case #1.", "timestamp": "2025-06-05T13:37:56.599Z", "verdict": "Wrong Answer on Test Case 1", "problem": 5}}, {"model": "code_problem.codesubmission", "pk": 92, "fields": {"user": 2, "language": "py", "code": "#include<bits/stdc++.h>\r\nusing namespace std;\r\nint main(){\r\nint a , b , c;\r\ncin >> a >> b >> c;\r\ncout << 2 << endl;\r\n}", "input_data": "", "output_data": "Output mismatch on test case #1.", "timestamp": "2025-06-05T13:58:26.910Z", "verdict": "Wrong Answer on Test Case 1", "problem": 5}}, {"model": "code_problem.codesubmission", "pk": 93, "fields": {"user": 2, "language": "cpp", "code": "#include<bits/stdc++.h>\r\nusing namespace std;\r\nint main(){\r\nint a , b , c;\r\ncin >> a >> b >> c;\r\ncout << 2 << endl;\r\n}", "input_data": "2 3 4", "output_data": "Output mismatch on test case #1.", "timestamp": "2025-06-05T16:46:53.349Z", "verdict": "Wrong Answer on Test Case 1", "problem": 5}}]